mitgliedsnummer,vorname,nachname,geburtsdatum,status,tarif,eintrittsdatum,zahlungsart,plz,ort,familienmitglieder,monatsbeitrag,testhinweis
MCN-2023-000001,Dirk,Dublettski,1981-04-17,Aktiv,Plus,2023-05-01,SEPA,20249,Hamburg,0,18,"Löst bei POST /mitglieder immer 409 DUBLETTE aus (Nachname-Trigger)."
MCN-2022-000002,Greta,Beendet,1969-11-02,Beendet,Basis,2022-01-01,Rechnung,22765,Hamburg,0,12,"Gekündigte Mitgliedschaft — für US 10 (Pannenmeldung ohne gültige Mitgliedschaft)."
MCN-2021-000003,Ruth,Ruhend,1988-07-23,Ruhend,Plus,2021-09-15,SEPA,22089,Hamburg,0,18,"Ruhende Mitgliedschaft nach Zahlungsausfall — für US 15."
MCN-2024-000004,Famke,Familjen,1985-02-11,Aktiv,Plus,2024-03-01,SEPA,22303,Hamburg,3,36,"Familienmitgliedschaft mit drei zugeordneten Personen — für US 5 und US 13."
MCN-2025-000099,Karl,Kartenstau,1976-12-05,Aktiv,Basis,2025-02-01,SEPA,21073,Hamburg,0,12,"Mitgliedsnummer endet auf 99 — Kartenauftrag bleibt in IN_PRODUKTION (US 8, SLA-Test)."
MCN-2025-000098,Sven,Störfall,1990-03-28,Aktiv,Plus,2025-06-01,SEPA,24103,Kiel,0,18,"Mitgliedsnummer endet auf 98 — POST /kartenauftraege antwortet 503 (US 8)."
MCN-2025-000101,Anna,Petersen,1999-12-06,Aktiv,Basis,2025-04-01,SEPA,22303,Hamburg,2,32,""
MCN-2022-000102,Anna,Petersen,1996-06-09,Aktiv,Basis,2022-05-01,SEPA,20357,Hamburg,0,8,""
MCN-2023-000103,Lars,Jansen,2005-09-23,Aktiv,Plus,2023-12-01,SEPA,22303,Hamburg,0,12,""
MCN-2022-000104,Lars,Jansen,2003-05-02,Ruhend,Basis,2022-06-01,Rechnung,22303,Hamburg,0,8,""
MCN-2021-000105,Frauke,Petersen,1981-04-09,Aktiv,Plus,2021-04-01,SEPA,22303,Hamburg,0,18,""
MCN-2022-000106,Wiebke,Rohwedder,1956-12-07,Ruhend,Basis,2022-07-01,SEPA,25524,Itzehoe,0,12,""
MCN-2019-000107,Svenja,Ketelsen,1965-01-21,Aktiv,Plus,2019-05-01,SEPA,21682,Stade,0,18,""
MCN-2021-000108,Jonas,Wulff,1990-02-05,Aktiv,Plus,2021-01-01,SEPA,22089,Hamburg,3,54,""
MCN-2022-000109,Jannik,Boysen,1990-10-14,Ruhend,Basis,2022-08-01,Rechnung,20249,Hamburg,0,12,""
MCN-2024-000110,Svenja,Thomsen,1972-06-14,Ruhend,Plus,2024-05-01,SEPA,22089,Hamburg,1,36,""
MCN-2021-000111,Mareike,Nissen,1956-09-20,Aktiv,Plus,2021-12-01,SEPA,22303,Hamburg,1,18,""
MCN-2022-000112,Broder,Momsen,1978-10-08,Aktiv,Plus,2022-10-01,SEPA,21073,Hamburg,0,18,""
MCN-2024-000113,Nils,Nissen,2002-10-20,Aktiv,Basis,2024-08-01,SEPA,21682,Stade,0,8,""
MCN-2021-000114,Nils,Boysen,1956-06-22,Aktiv,Basis,2021-07-01,SEPA,23552,Lübeck,3,36,""
MCN-2024-000115,Silke,Jansen,1963-11-26,Aktiv,Plus,2024-06-01,SEPA,21073,Hamburg,1,36,""
MCN-2019-000116,Lars,Thomsen,1956-03-23,Aktiv,Plus,2019-04-01,SEPA,21682,Stade,0,18,""
MCN-2019-000117,Wiebke,Ketelsen,1998-05-15,Aktiv,Basis,2019-10-01,SEPA,21682,Stade,1,20,""
MCN-2025-000118,Svenja,Carstens,1996-10-09,Aktiv,Basis,2025-01-01,SEPA,22089,Hamburg,0,12,""
MCN-2021-000119,Svenja,Rohwedder,1974-12-18,Aktiv,Basis,2021-01-01,SEPA,23552,Lübeck,0,12,""
MCN-2026-000120,Frauke,Timm,1997-03-09,Aktiv,Plus,2026-11-01,SEPA,22089,Hamburg,2,48,""
MCN-2024-000121,Imke,Clausen,1997-11-21,Aktiv,Plus,2024-01-01,SEPA,23552,Lübeck,0,12,""
MCN-2026-000122,Heike,Bahnsen,1965-03-06,Aktiv,Plus,2026-12-01,SEPA,21073,Hamburg,0,18,""
MCN-2020-000123,Ole,Jansen,1973-11-27,Aktiv,Plus,2020-04-01,SEPA,20249,Hamburg,0,18,""
MCN-2025-000124,Malte,Lorenzen,2003-09-28,Aktiv,Basis,2025-09-01,SEPA,23552,Lübeck,1,20,""
MCN-2023-000125,Broder,Petersen,1959-04-04,Aktiv,Plus,2023-06-01,SEPA,22089,Hamburg,0,18,""
MCN-2024-000126,Antje,Momsen,1968-06-12,Ruhend,Plus,2024-05-01,SEPA,25524,Itzehoe,3,54,""
MCN-2021-000127,Svenja,Hinrichs,2005-08-28,Aktiv,Plus,2021-05-01,SEPA,20357,Hamburg,0,0,""
MCN-2021-000128,Lars,Momsen,1973-02-18,Aktiv,Basis,2021-06-01,SEPA,20357,Hamburg,0,12,""
MCN-2024-000129,Thies,Wulff,1976-05-08,Aktiv,Basis,2024-10-01,SEPA,21073,Hamburg,0,12,""
MCN-2019-000130,Sönke,Bahnsen,1968-11-09,Aktiv,Plus,2019-09-01,Rechnung,22303,Hamburg,0,18,""
MCN-2022-000131,Jannik,Jansen,2002-04-06,Aktiv,Basis,2022-10-01,Rechnung,20357,Hamburg,0,8,""
MCN-2022-000132,Sönke,Momsen,1979-09-02,Aktiv,Basis,2022-11-01,SEPA,20249,Hamburg,0,12,""
MCN-2025-000133,Hauke,Hansen,1992-06-24,Aktiv,Basis,2025-03-01,SEPA,22765,Hamburg,0,12,""
MCN-2025-000134,Birte,Paulsen,1982-08-04,Aktiv,Basis,2025-11-01,SEPA,22089,Hamburg,0,12,""
MCN-2021-000135,Wiebke,Hinrichs,1977-07-10,Aktiv,Basis,2021-11-01,SEPA,25524,Itzehoe,0,12,""
MCN-2023-000136,Broder,Hinrichs,1965-08-03,Aktiv,Basis,2023-05-01,Rechnung,21682,Stade,3,40,""
MCN-2026-000137,Svenja,Timm,1962-10-05,Aktiv,Basis,2026-01-01,SEPA,21682,Stade,0,12,""
MCN-2020-000138,Wiebke,Bahnsen,1988-07-08,Aktiv,Plus,2020-09-01,SEPA,23552,Lübeck,0,18,""
MCN-2020-000139,Hauke,Jansen,1969-03-19,Aktiv,Basis,2020-01-01,SEPA,24103,Kiel,2,36,""
MCN-2022-000140,Imke,Ketelsen,1978-04-03,Aktiv,Basis,2022-06-01,SEPA,21073,Hamburg,0,12,""
MCN-2020-000141,Nils,Clausen,1992-04-10,Aktiv,Plus,2020-08-01,SEPA,23552,Lübeck,0,18,""
MCN-2019-000142,Jannik,Detlefsen,1987-10-07,Aktiv,Basis,2019-09-01,SEPA,21073,Hamburg,2,32,""
MCN-2025-000143,Svenja,Boysen,1969-09-13,Aktiv,Plus,2025-10-01,SEPA,22303,Hamburg,2,36,""
MCN-2021-000144,Hauke,Harms,1989-09-01,Aktiv,Plus,2021-03-01,SEPA,22765,Hamburg,2,54,""
MCN-2023-000145,Frauke,Clausen,1969-11-24,Aktiv,Basis,2023-07-01,Rechnung,20357,Hamburg,0,12,""
MCN-2025-000146,Hauke,Nissen,1986-06-13,Aktiv,Basis,2025-10-01,SEPA,20249,Hamburg,0,12,""
MCN-2026-000147,Mareike,Bahnsen,1959-09-05,Ruhend,Basis,2026-08-01,Rechnung,20249,Hamburg,0,12,""
MCN-2025-000148,Anna,Hinrichs,1965-04-25,Beendet,Basis,2025-04-01,Rechnung,24103,Kiel,0,12,""
MCN-2024-000149,Wiebke,Rohwedder,1976-05-25,Ruhend,Plus,2024-04-01,SEPA,22303,Hamburg,0,18,""
MCN-2023-000150,Wiebke,Jansen,1996-01-24,Aktiv,Basis,2023-12-01,Rechnung,23552,Lübeck,0,8,""
MCN-2022-000151,Frauke,Wulff,1991-05-13,Aktiv,Plus,2022-04-01,SEPA,20357,Hamburg,0,18,""
MCN-2020-000152,Antje,Momsen,2001-12-02,Aktiv,Plus,2020-10-01,SEPA,23552,Lübeck,1,30,""
MCN-2019-000153,Broder,Struve,1957-02-17,Aktiv,Plus,2019-10-01,SEPA,21682,Stade,2,36,""
MCN-2021-000154,Broder,Bahnsen,1955-11-17,Aktiv,Plus,2021-05-01,SEPA,25524,Itzehoe,1,30,""
MCN-2026-000155,Wiebke,Rohwedder,1993-06-17,Aktiv,Basis,2026-04-01,SEPA,23552,Lübeck,1,20,""
MCN-2023-000156,Ole,Thomsen,1986-12-20,Beendet,Plus,2023-09-01,SEPA,23552,Lübeck,0,18,""
MCN-2022-000157,Imke,Ketelsen,1964-01-02,Ruhend,Plus,2022-06-01,SEPA,21682,Stade,2,48,""
MCN-2020-000158,Nils,Boysen,1967-05-18,Aktiv,Basis,2020-02-01,Rechnung,22303,Hamburg,0,12,""
MCN-2019-000159,Sönke,Bahnsen,1981-12-27,Aktiv,Plus,2019-02-01,SEPA,20249,Hamburg,0,18,""
MCN-2021-000160,Thies,Rohwedder,2006-09-09,Aktiv,Plus,2021-03-01,Rechnung,25524,Itzehoe,0,0,""
